product_name,url,current_price_str,original_price_str,discount_str,pta_status,warranty_terms,display,memory,processor,battery,camera,color_names,color_statuses,color_images,whats_in_the_box,delivery_badges,faqs_text,reviews_text,price_numeric,original_price_numeric,discount_pct,battery_mah,ram_gb,storage_gb,display_size_inches,main_camera_mp
Infinix Note 60 Edge 5G,https://priceoye.pk/mobiles/infinix/infinix-note-60-edge-5g,"Rs 87,699","Rs 94,999",8% OFF,PTA Approved,1 Year Infinix PK Warranty. Official Brand Warranty. All phones purchased from PriceOye come with a 1-year official brand warranty.,"6.78 inches, AMOLED, 1208 x 2644 pixels","8GB RAM, 256GB Internal",Octa Core Processor / Mali-G610 GPU,6500 mAh battery,"50 MP Back Camera, 13 MP Front Camera",Lunar Titanium | Silk Green | Stellar Blue | Shadow Black | Solar Orange,In Stock - 13 units | Out of Stock | In Stock - 12 units | In Stock - 5 units | Out of Stock,https://images.priceoye.pk/infinix-note-edge-pakistan-priceoye-4p1qe-500x500.webp | https://images.priceoye.pk/infinix-note-edge-pakistan-priceoye-8e8rr-500x500.webp | https://images.priceoye.pk/infinix-note-edge-pakistan-priceoye-ld2uv-500x500.webp | https://images.priceoye.pk/infinix-note-edge-pakistan-priceoye-zhzsx-500x500.webp | https://images.priceoye.pk/infinix-note-edge-pakistan-priceoye-h2uaq-500x500.webp,"Handset, Data Cable (USB-C), Charging Adapter, Protective Case, SIM Ejector Tool, User Manual / Warranty Card",Fast Delivery All Over Pakistan | 24hr Delivery | Free Delivery,"Q: Installment pr kese mile ga phone A: Dear Customer, Installment plans for all our products are clearly explained on our website. Please note that debit cards and other payment methods are not eligible for installments. To check the available installment options for your desired product, please visit: https://priceoye.pk/bnpl | Q: What is the procedure of warranty claiming of mobile purchased by price oye A: Dear Customer, All phones purchased from PriceOye come with a 1-year official brand warranty. In case of any issue, you can claim the warranty directly from the respective brand’s authorized service center by providing your purchase details and warranty information.","Aqib Israr (5/5): Your service is very good and very safe and I am completely satisfied... prices are also very reasonable and the packaging is also very good. And the delivery service is also very fast. | Abdul wahab (5/5): First Time buy keya and after 2 days receive hu gaya | Noor muhammad (5/5): This is my 9 mobile, I bought it from Price oye , it's completely reliable... They deliver very quickly. I don't like one thing. They should have a point system. | Atta Ayub (5/5): Received my order Genuine phone thanks priceoye | Syed Muhammad (5/5): Overall satisfied",87699,94999,8,6500,8,256,6.78,50
Infinix Smart 20,https://priceoye.pk/mobiles/infinix/infinix-smart-20,"Rs 34,999","Rs 36,999",5% OFF,PTA Approved Mobiles,,"6.78-inch IPS LCD, 120Hz/90Hz refresh rate, 720 x 1576 resolution, 700 nits brightness","4GB RAM (Up to 8GB with extended RAM), 64GB/128GB Internal Storage",MediaTek Helio G81 Octa-core,"5200 mAh, 15W Charging","8 MP Rear, 8 MP Front (2K video support)",Shadow Black | Cloudline Blue | Polaris Titanium | Orange,In Stock | In Stock | In Stock | In Stock,https://images.priceoye.pk/infinix-smart-20-pakistan-priceoye-4eb98-500x500.webp | https://images.priceoye.pk/infinix-smart-20-pakistan-priceoye-kvanw-500x500.webp | https://images.priceoye.pk/infinix-smart-20-pakistan-priceoye-dwseo-500x500.webp | https://images.priceoye.pk/infinix-smart-20-pakistan-priceoye-ap7mn-500x500.webp,"Handset, 10W Charging Adapter, USB Data Cable, Protective Case, SIM Ejector Tool, Screen Protector, Warranty Card & User Guide",,"Q: Why is the phone expensive? A: Market forces and currency fluctuations; PriceOye does not control manufacturer pricing. | Q: Delivery open to check? A: Open Parcel Service available in Islamabad, Lahore, and Karachi only. | Q: Installment procedure? A: Only Credit Cards eligible; check priceoye.pk/bnpl.",Muhammad Saleh (5/5): Good product | uzair khan (5/5): buhd ziyda fast our acha service | Naeem (5/5): Bohat hi acha mobile ha Very good services | MUHAMMAD SYED (5/5): Overall satisfied. Delivery fast. Packaging good.,34999,36999,5,5200,4,64,0,8
Tecno Spark 50,https://priceoye.pk/mobiles/tecno/tecno-spark-50,"Rs 51,499","Rs 55,999",8% OFF,PTA Approved Mobiles,,"6.78 inches, IPS LCD, 720 x 1600","128GB Internal, 6GB RAM (Extendable Upto 18GB)","MediaTek Helio G81, GPU: Mali-G52 MC2",7000mAh,"50 MP + AI Back, 8MP Front",Ink Black | Titanium Grey | Aurora Purple | Halo Blue | Neo Titanium | Dynamic Orange,In Stock | Out of Stock | In Stock | In Stock | In Stock | Out of Stock,https://images.priceoye.pk/tecno-spark-50-pakistan-priceoye-t2xtg-500x500.webp | https://images.priceoye.pk/tecno-spark-50-pakistan-priceoye-wogc1-500x500.webp | https://images.priceoye.pk/tecno-spark-50-pakistan-priceoye-n66m6-500x500.webp | https://images.priceoye.pk/tecno-spark-50-pakistan-priceoye-xa4ho-500x500.webp | https://images.priceoye.pk/tecno-spark-50-pakistan-priceoye-z71n1-500x500.webp | https://images.priceoye.pk/tecno-spark-50-pakistan-priceoye-jnwdo-500x500.webp,"Handset, Charging Adapter, USB Type-C Cable, Protective TPU Case, SIM Ejector Tool, Warranty Card & User Guide",,"Q: What is in the box A: Dear Customer, You can check the accessories details of the Product in the 'What's in the box' section on our website. | Q: Is charger available inside the box and which type of cable used in it A: Dear Customer, You can check the accessories details of the Product in the 'What's in the box' section on our website. | Q: Agr 6 month pr install pr lia jaiye to kitni price ho gi total tax add kr k A: Installment plans for all our products are clearly explained on our website... To check the available installment options for your desired product, please visit: https://priceoye.pk/bnpl | Q: Assalamu alaikum Tecno spark 50 installment per Lena hai mere pass koi bank account nahi hai jazz cash account hai please rehnumai kren A: Dear Customer... debit cards and other payment methods are not eligible for installments. | Q: delivery open to check hogi A: Dear Customer, You can avail the Open Parcel Service if it’s available in your city — Islamabad, Lahore, or Karachi.",Barkat ali (5/5): بہت اچھا سروس ہے بہت اچھا پراڈکٹ ہے پرائز بھی اچھا ہے ہم کو ڈلیوری بھی جلدی مل گیا | Sadam Hussain (4/5): The phone itself worked fine... But the packaging was disappointing. The box arrived dented. | zulqarnain Haider (5/5): Good mobile | Osama nazar (5/5): Original product Original company packed Best price in market. Order delivered next day of order | Mohsin Kamal (5/5): Original product Original company packed Best price in market. Order delivered next day of order,51499,55999,8,7000,6,128,6.78,50
Honor X8d,https://priceoye.pk/mobiles/honor/honor-x8d,"Rs 72,999","Rs 79,999",9% OFF,PTA Approved Mobiles,,"6.7 inches, AMOLED, 90Hz, 2000 nits (peak), 1080 x 2412 pixels","256GB Internal, 8GB RAM","Qualcomm SM6225 Snapdragon 680 4G (6 nm), GPU: Adreno 610","4500 mAh, 35W wired charging","108 MP + 5 MP + 2 MP Back, 50 MP Front",Velvet Black | Velvet Grey | Light Blue,In Stock | In Stock | Only 5 left in stock,https://images.priceoye.pk/honor-x8d-pakistan-priceoye-1ou8e-500x500.webp | https://images.priceoye.pk/honor-x8d-pakistan-priceoye-s3tv9-500x500.webp | https://images.priceoye.pk/honor-x8d-pakistan-priceoye-amkr5-500x500.webp,"Handset, 35W HONOR SuperCharge Adapter, USB Type-C Cable, Eject Tool, Quick Start Guide, TPU Protective Case, TPU Protective Film",,"Q: Does it support 5G? A: No, the Honor X8d is a 4G device powered by the Snapdragon 680. | Q: Is the memory expandable? A: No, it does not have a card slot, but it comes with 256GB internal storage. | Q: What is the charging speed? A: It supports 35W wired fast charging. | Q: installment procedure? A: Dear Customer, Installment plans for all our products are clearly explained on our website. Please check: https://priceoye.pk/bnpl | Q: Is it PTA approved? A: Yes, all mobile phones sold on PriceOye are PTA approved.","Shahid Iqbal (5/5): Masha Allah. Bohat he kamal ka phone ha design behtreen ha. Priceoye ki packing hamesha ki tarah zabardast. | Arslan Ali (5/5): Original product, safe delivery. Best experience with PriceOye again. | Umer Farooq (4/5): Phone is good and slim but battery life could be better. | Irfan Abbasi (5/5): Great device for the price. Fast delivery within 24 hours in Islamabad.",72999,79999,9,4500,8,256,6.7,108
Nothing Phone 3a Lite,https://priceoye.pk/mobiles/nothing/nothing-phone-3a-lite,"Rs 96,999","Rs 113,999",15% OFF,PTA Approved Mobiles,,"6.77 inches, AMOLED (120HZ), Panda Glass, 1084 x 2392","256GB Internal, 8GB RAM, Card Slot: Yes","Mediatek Dimensity 7300 Pro, GPU: Mali-G615 MC2",5000 mAh,"50 MP + 8 MP + 2 MP Back, 16 MP Front",Black | White | Blue,Out of Stock | In Stock | In Stock,https://images.priceoye.pk/nothing-phone-3a-lite-pakistan-priceoye-3un1c-500x500.webp | https://images.priceoye.pk/nothing-phone-3a-lite-pakistan-priceoye-bz3gu-500x500.webp | https://images.priceoye.pk/nothing-phone-3a-lite-pakistan-priceoye-ii9bl-500x500.webp,"Nothing Phone 3a Lite, Back Cover, Ejection Pin, Type C Cable, Screen Protector File",,"Q: Is it pta approved A: Dear Customer, We only offer brand new, sealed (pin pack) and PTA-approved products, all of which are listed on our website. | Q: Does Nothing phone 3a Lite has NFC support A: Dear customer, You can check the details of the Product in the specifications section on our website. | Q: Is the phone from official Yellostone Pakistan distributors A: Dear Customer, The Nothing Phone 3a Lite is sourced from the official Yellostone Pakistan distributor.",Fahad Faiz (5/5): Got my phone in just 3 days. The service was smooth... I really appreciate the trust-based delivery system. | Shoaib Nadeem (5/5): Product Was in Original Packing It is a Brand NEw Mobile I am 100% Satisfied by the Product and the Price | Shahroz Iqbal (5/5): All good | Hussain Hadi (5/5): yea the product was original It was brand new Yes the price is ok | Waqas Ahmed (5/5): I just wanted to let you know that my experience with the product has been smooth so far. I just need one confirmation how can I check the warranty?,96999,113999,15,5000,8,256,6.77,50
Xiaomi Redmi 15C,https://priceoye.pk/mobiles/xiaomi/xiaomi-redmi-15c,"Rs 40,999","Rs 42,999",5% OFF,PTA Approved,,"6.9 inches, IPS LCD, 120Hz, Corning Gorilla Glass 3, 720 x 1600 pixels","128GB Internal, 4/6 GB RAM, microSDXC slot","MediaTek Helio G81-Ultra processor, GPU: Mali-G52 MC2",6000 mAh,"50 MP Back, 8 MP Front",Midnight Black | Mint Green | Moonlight Blue | Twilight Orange,In Stock | In Stock | Out of Stock for 4GB | Out of Stock for 4GB,https://images.priceoye.pk/xiaomi-redmi-15c-pakistan-priceoye-rygof-500x500.webp | https://images.priceoye.pk/xiaomi-redmi-15c-pakistan-priceoye-n44ud-500x500.webp | https://images.priceoye.pk/xiaomi-redmi-15c-pakistan-priceoye-92xh3-500x500.webp | https://images.priceoye.pk/xiaomi-redmi-15c-pakistan-priceoye-xlsa4-500x500.webp,"Handset, Adapter, E-Warranty, Ejection Pin, Type-C Cable",,"Q: Agr mobile ma kuch issue ho ya thk ni aaye to wapis kesy ho ga or cash on delivery ma parcel open kr k phly dekhny dety hn? A: Dear Customer, All phones come with a 1-year brand warranty... Additionally, you can avail the Open Parcel Service if it’s available in your city — Islamabad, Lahore, or Karachi. | Q: No warranty card? A: Dear Customer, The phones come with an E-warranty instead of a physical warranty card. The warranty automatically starts when you connect the phone to Wi-Fi or insert the SIM. | Q: Does the model you guys sell support nfc? A: Dear Customer, specifications, availability, Price and other details regarding your desired product, please visit our website... | Q: If i have a plan to buy on installment upto 6 months then what will be total charge after adding all taxes? A: Installment plans for all our products are clearly explained on our website... To check the available installment options for your desired product, please visit: https://priceoye.pk/bnpl | Q: Some people says that you give repacked phoned? A: Dear Customer, The claims you heard are completely false... We provide 100% original, brand-new, sealed box-pack products.","Shaikh Talha (5/5): One of the best online platforms is Priceoye... budget-friendly mobile, highly recommended by end-users. Thanks for making my day memorable. | Arslan Ahmad (5/5): The price was reasonable and the parcel was delivered quickly, which is appreciated. Moreover, the mobile phone packaging was satisfactory and secure | Tariq Iqbal (5/5): This is my 4th time with priceoye and I have a very good quality product experience. Thanks to Priceoye and its team | Tariq Iqbal (5/5): Excellent order on time and original product with verified packaging | Irfan Ali (5/5): PriceOye ki tracking service bhi bohot helpful thi. Overall, main apni purchase se bilkul satisfied hoon.",40999,42999,5,6000,6,128,6.9,50
Vivo Y05,https://priceoye.pk/mobiles/vivo/vivo-y05,"Rs 37,499","Rs 42,999",13% OFF,PTA Approved Mobiles,,"17.13 cm (6.74 inches), 1600 × 720, LCD, 1200 nits brightness","64GB / 128GB ROM, 4GB (+ 4GB Extended RAM), microSD up to 2TB","T7225 (12 nm), CPU Clock Speed: 2 × 1.8 GHz + 6 × 1.8 GHz","6500 mAh (Li-ion battery), 15W Charging","8 MP (f/2.0) Back, 5 MP (f/2.2) Front",Voyage Black | Haze Blue | Summit Platinum,In Stock | In Stock | In Stock,https://images.priceoye.pk/vivo-y05-pakistan-priceoye-dfry8-500x500.webp | https://images.priceoye.pk/vivo-y05-pakistan-priceoye-flwrn-500x500.webp | https://images.priceoye.pk/vivo-y05-pakistan-priceoye-7oglo-500x500.webp,"Model: Y05, USB Cable, Charger, Eject Tool, Phone Case, Protective Film, Warranty Card & Quick Start Guide",,"Q: Delivery time? A: In Lahore, Karachi, and Islamabad, typically 24–48 hours; other cities 3–5 working days. | Q: Installment procedure? A: Only Credit Cards eligible; check priceoye.pk/bnpl.",Warda awan (5/5): Yes its original product thanks priceoye.pk 😊 It's brand new We are satisfied | Dr.Mukhtiar Khan (5/5): Original New brand Satisfied | MURSALEEN TASLEEM (5/5): Product quality is very good but delivery of item not good and corporate M&p.please adress this issues | Shahzaib (5/5): Bht achi packing thi.. mobile bilkul original or price sa be mei satisfied ho.. | Moiz (4/5): It appears to be brand new; only time will tell.,37499,42999,13,6500,0,64,6.74,8
Sego Note 70 Limited Edition,https://priceoye.pk/mobiles/sego/sego-note-70-limited-edition,"Rs 25,799","Rs 30,999",17% OFF,PTA Approved Mobiles,,"6.6 inches, IPS LCD, 90Hz, 720 x 1612 pixels","128GB Internal, 4GB RAM, Card Slot: Yes","Unisoc Tiger T606 (12 nm), GPU: Mali-G57 MP1","5000 mAh, 18W wired charging","13 MP (wide) + 0.08 MP Back, 8 MP Front",Deep Blue | Silver | Cosmic Orange,In Stock | In Stock | In Stock - Only 2 left,https://images.priceoye.pk/sego-note-70-limited-edition-pakistan-priceoye-h0bss-500x500.webp | https://images.priceoye.pk/sego-note-70-limited-edition-pakistan-priceoye-aja6y-500x500.webp | https://images.priceoye.pk/sego-note-70-limited-edition-pakistan-priceoye-epfz6-500x500.webp,"Handset (Sego Note 70), Charging Adapter, USB Cable, SIM Ejector Tool, Protective Case, Warranty Card & User Guide",,"Q: Is it PTA approved? A: Yes, it is PTA Approved. | Q: Delivery time? A: Delivery usually takes 24–48 hours in major cities.",Yasir Ali (5/5): Excellent mobile at this budget. Fast delivery and original product. | Muhammad Ahmed (4/5): Good design but camera is just average. Packaging was good. | Fatima Bibi (5/5): I love the Cosmic Orange color. Very happy with the purchase.,25799,30999,17,5000,4,128,6.6,13
Realme C100i,https://priceoye.pk/mobiles/realme/realme-c100i,"Rs 34,799","Rs 38,999",11% OFF,PTA Approved Mobiles,,"6.8 Inches, IPS LCD, 720 x 1570 Pixels","64GB / 128GB / 256GB Internal, 4GB / 6GB RAM","Unisoc T7250 (12 nm), CPU: Octa-core, GPU: Mali-G57 MP1","7000 mAh Titan battery, 15W wired charging","8 MP (wide) Back, 5 MP Front",Dawn Purple | Dusk Gray,In Stock | In Stock,https://images.priceoye.pk/realme-c100i-pakistan-priceoye-2reil-500x500.webp | https://images.priceoye.pk/realme-c100i-pakistan-priceoye-x6hd0-500x500.webp,"Handset (Realme C100i), 15W Charging Adapter, USB Type-C Cable, SIM Ejector Tool, Protective Film, Quick Guide & Warranty Card",,"Q: Is it water resistant? A: Yes, it is rated IP64 for dust tight and water resistance (water splashes). | Q: What is the battery capacity? A: It features a massive 7000 mAh Titan battery. | Q: Does it support fast charging? A: It supports 15W wired charging (PD/QC).",Waqas K. (5/5): PriceOye delivery is very fast. Phone is original and seal pack. Satisfied. | Zeeshan Ali (5/5): Good budget phone with massive battery. Dawn Purple color looks premium. | M. Hamza (4/5): Phone performance is okay for daily tasks. 7000mAh battery is the main highlight.,34799,38999,11,7000,6,64,6.8,8
Oppo A6,https://priceoye.pk/mobiles/oppo/oppo-a6,"Rs 68,999","Rs 74,999",8% OFF,PTA Approved Mobiles,,"6.57 inches, AMOLED, 1080 x 2372","128GB / 256GB Internal, 8GB RAM, Card Slot: Supported","MediaTek Dimensity 6300, GPU: Mali-G57 MC2","5000 mAh (Li-Po), 45W Fast Charging","50 MP + 2 MP Back, 16 MP Front",Sapphire Blue | Aurora Gold,In Stock | In Stock,https://images.priceoye.pk/oppo-a6-pakistan-priceoye-elznh-500x500.webp | https://images.priceoye.pk/oppo-a6-pakistan-priceoye-spdvo-500x500.webp,"Oppo A6, 45W SuperVOOC Adapter, USB Type-C Cable, E-warranty Card, Protective Back Cover, SIM Ejection Pin, Quick Start Guide",,"Q: Delivery time? A: In Lahore, Karachi, and Islamabad, typically 24–48 hours; other cities 3–5 working days. | Q: Installment procedure? A: Only Credit Cards eligible; check priceoye.pk/bnpl.","Fariha Imran (5/5): I received my parcel yesterday. I am really having best experience with price oye for delivering the new original product box pack phones | Zahid iqbal (5/5): Very good service, delivered on time, compromised and got what was ordered, good price, thank you. Prince oye thank you very much | Asim Ali (5/5): Excellent service | Aziz Ullah (5/5): Order received... Good quality and price is less than market... But kindly use another courier service.. | Awais Rasool (5/5): Thanks",68999,74999,8,5000,8,128,6.57,50
Motorola Moto G77 5G,https://priceoye.pk/mobiles/motorola/motorola-moto-g-77,"Rs 92,999","Rs 94,999",2% OFF,PTA Approved Mobiles,,"6.78 inches, AMOLED screen, 120Hz, 1272 x 2772","256 GB Internal, 8GB RAM (Expandable up to 24GB), up to 2TB microSD","Mediatek Dimensity 6400 (6 nm, 2.5GHZ), GPU: Mali-G57 MC2","5200 mAh, 30W wired charging","108 MP + 13MP Back, 32 MP Front",Pantone Black Olive | Pantone Shaded Spruce,In Stock | In Stock,https://images.priceoye.pk/motorola-moto-g-77-pakistan-priceoye-zbbix-500x500.webp | https://images.priceoye.pk/motorola-moto-g-77-pakistan-priceoye-pyoeg-500x500.webp,"Handset (Moto G77 5G), 30W TurboPower Adapter, USB Type-C Cable, SIM Ejector Tool, Protective Back Cover, Warranty Card & Guide",,"Q: Is it PTA approved? A: Yes, it is PTA Approved. | Q: Delivery time? A: 24–48 hours in major cities; 3–5 working days elsewhere. | Q: Installment procedure? A: Only Credit Cards eligible; check priceoye.pk/bnpl.","Shakir Rahman (5/5): The product was original, brand new and worth for price. Strongly recommended to buy any phone via priceoye. | Mohsin iqbal (5/5): yar is price range ma best mobile hai display acha hai.. Motorola k mobile build quality ma best hai.. just yehi kahu ga mayoos nahi krega ye..",92999,94999,2,5200,8,256,6.78,108
Itel A100C Special Edition,https://priceoye.pk/mobiles/itel/itel-a100c-special-edition,"Rs 25,299","Rs 29,999",16% OFF,PTA Approved Mobiles,,"6.6 inches, IPS LCD, 90Hz, 720 x 1612 pixels","128GB Internal, 3GB RAM, microSD up to 256GB","Unisoc T7100 (28nm), GPU: Mali-G52 MC2","5000 mAh, 10W charging","8 MP (wide) Back, 5 MP Front",Natural Black | Lake Green | Cloud White,In Stock | In Stock | In Stock,https://images.priceoye.pk/itel-a100c-special-edition-pakistan-priceoye-98ev9-500x500.webp | https://images.priceoye.pk/itel-a100c-special-edition-pakistan-priceoye-ldkwf-500x500.webp | https://images.priceoye.pk/itel-a100c-special-edition-pakistan-priceoye-hba7m-500x500.webp,"Handset (itel A100C), 10W Charging Adapter, USB Type-C Cable, SIM Ejector Tool, Protective TPU Case, Quick Guide & Warranty Card",,"Q: Is it PTA approved? A: Yes, it is PTA Approved. | Q: Does it have a fingerprint sensor? A: Yes, it has a side-mounted fingerprint scanner. | Q: What is the storage? A: It comes with 128GB Internal Memory and 3GB RAM.","Naveed Akhtar (5/5): Excellent value for money. 128GB storage in this price is amazing. | M. Sajid (4/5): Phone is good for daily usage, battery backup is satisfied. | Rizwan Ali (3/5): Performance is a bit slow due to 3GB RAM, but display quality is good.",25299,29999,16,5000,3,128,6.6,8
Villaon V5606,https://priceoye.pk/mobiles/villaon/villaon-v5606,"Rs 1,999","Rs 2,349",15% OFF,PTA Approved Mobiles,,1.4 Inches,Standard RAM/Internal,Proprietary OS,1000mAh,Rear Camera,Deep Blue | Black | Blue | Purple,In Stock - Only 5 left | Out of Stock | Out of Stock | Out of Stock,https://images.priceoye.pk/villaon-v5606-pakistan-priceoye-7rj35-500x500.webp | https://images.priceoye.pk/villaon-v5606-pakistan-priceoye-y29nv-500x500.webp | https://images.priceoye.pk/villaon-v5606-pakistan-priceoye-il1rn-500x500.webp | N/A,"Handset (Villaon V5606), Standard Charger, User Guide, Warranty Card (No Warranty)",,,Muhammad Daniyal (5/5): Price kay hisab say thik hai | Yasir Atiq (5/5): It was my 2nd order from priceoye. And i m happy they send a good mobile. Thank you,1999,2349,15,1000,0,0,1.4,0
Villaon V220,https://priceoye.pk/mobiles/villaon/villaon-v220,"Rs 2,899","Rs 2,799",,PTA Approved Mobiles,,"2.4 inches, QVGA","Standard RAM/Internal, Card Slot: Yes",Proprietary OS,2500 mAh,0.8MP Back (Flash: Yes),Deep Blue | Black | Blue | Light Blue | Orange,In Stock - Only 3 left | Out of Stock | Out of Stock | Out of Stock | Out of Stock,https://images.priceoye.pk/villaon-v220-pakistan-priceoye-txigj-500x500.webp | https://images.priceoye.pk/villaon-v220-pakistan-priceoye-txigj-500x500.webp | https://images.priceoye.pk/villaon-v220-pakistan-priceoye-txigj-500x500.webp | https://images.priceoye.pk/villaon-v220-pakistan-priceoye-txigj-500x500.webp | https://images.priceoye.pk/villaon-v220-pakistan-priceoye-txigj-500x500.webp,"Handset (Villaon V220), Battery (2500 mAh), Standard Charger, User Guide, Warranty Card",,,,2899,2799,0,2500,0,0,2.4,8
Villaon V230,https://priceoye.pk/mobiles/villaon/villaon-v230,"Rs 3,099","Rs 3,999",23% OFF,PTA Approved Mobiles,,"2.8 inches, QQVGA","Standard RAM/Internal, Card Slot: Yes",Proprietary OS,2500 mAh,0.8 MP Back (Large Torch),Black | Blue,In Stock - Only 4 left | Out of Stock / Sold Out,https://images.priceoye.pk/villaon-v230-pakistan-priceoye-bc6iz-500x500.webp | https://images.priceoye.pk/villaon-v230-pakistan-priceoye-4r8tl-500x500.webp,"Handset (Villaon V230), Battery (2500 mAh), Standard Charger, User Guide, Warranty Card",,,,3099,3999,23,2500,0,0,2.8,8
Sego Value 200,https://priceoye.pk/mobiles/sego/sego-value-200,"Rs 2,299","Rs 2,599",12% OFF,PTA Approved Mobiles,,"2.0 inch, QVGA",32MB + 32MB,Dual sim Keypad Phone,1000mAh,Yes Back (Flash: Yes),Light Purple | Dark Blue | Light Blue | Sea Green,In Stock - Only 1 left | Out of Stock / Sold Out | Out of Stock / Sold Out | Out of Stock / Sold Out,https://images.priceoye.pk/sego-value-200-pakistan-priceoye-c6cmq-500x500.webp | https://images.priceoye.pk/sego-value-200-pakistan-priceoye-hku5q-500x500.webp | https://images.priceoye.pk/sego-value-200-pakistan-priceoye-3vnz4-500x500.webp | https://images.priceoye.pk/sego-value-200-pakistan-priceoye-6f28i-500x500.webp,"Handset (Sego Value 200), Battery (1000mAh), Standard Charger, User Guide, Warranty Card (1 Year Warranty)",,,"AR sb (5/5): i received the same mobile that i was ordered thanks price oye. the price was also reasonable | AR sb (5/5): I received the same order with low price and with fast delivery.i recommend to buy from priceoye | Hassan Butt (5/5): Highly recommend | Raees Khan (5/5): Priceoye trusted ha 💚👍 | MUHAMMAD SAJID (5/5): Best experience with priceoye.pk
. Fast delivery trusted products and reasonable prices",2299,2599,12,1000,0,0,2,0
Sego Magic 6,https://priceoye.pk/mobiles/sego/sego-magic-6,"Rs 2,999","Rs 3,099",3% OFF,PTA Approved Mobiles,,"2.4 inches, QQVGA",32Mb+32Mb,Dual Sim Keypad Phone,1500 mAh,"Yes Back, Front Camera: No",Emerald Green | Startling Purple | Turquoise Blue,In Stock - Only 1 left | In Stock | Out of Stock / Sold Out,https://images.priceoye.pk/sego-magic-6-pakistan-priceoye-hfqkw-500x500.webp | https://images.priceoye.pk/sego-magic-6-pakistan-priceoye-ez46f-500x500.webp | https://images.priceoye.pk/sego-magic-6-pakistan-priceoye-nitwc-500x500.webp,,,,Hassan Qurban (5/5): Best product,2999,3099,3,1500,0,0,2.4,0
Nothing Phone 3A,https://priceoye.pk/mobiles/nothing/nothing-phone-3a,"Rs 141,599","Rs 160,999",12% OFF,PTA Approved Mobiles,,"6.77 inches, AMOLED (120HZ), Panda Glass, 1080 x 2392 pixels","256GB Internal, 12GB RAM, Card Slot: No","Qualcomm SM7635 Snapdragon 7s Gen 3, GPU: Adreno 810",5000 mAh,"50 MP + 8 MP + 50 MP Back, 32 MP Front",Black | White | Blue,Out of Stock / Sold Out | In Stock | In Stock,https://images.priceoye.pk/nothing-phone-3a-pakistan-priceoye-qos2h-500x500.webp | https://images.priceoye.pk/nothing-phone-3a-pakistan-priceoye-d8uzc-500x500.webp | https://images.priceoye.pk/nothing-phone-3a-pakistan-priceoye-a91bx-500x500.webp,"Nothing Phone 3A, No Adapter (Nothing Phone 3A does not include travel adapter), Ejection Pin, Type C Cable",,"Q: Is it PTA approved? A: Dear Customer, We only offer brand new, sealed (pin pack) and PTA-approved products... | Q: Will the free buds be included? A: Dear Customer, The free buds will be included with this offer. You will receive them as shown in the product picture. | Q: Box details? A: Dear customer, You can check the “What’s in the Box” section on the product page...",Fawad memon (5/5): I would like to highlight the service provided by Priceoye these people are professionals... The product I received today is fully authentic and superb... | Mohsin Amin (5/5): I have been a regular user of this website for many years... This mobile phone is original and authentic. | UZAIR SHAFIQUE (5/5): Best experience without any extra effort. | Muhammad Raza (5/5): I have bought some from priceoye... Product is genuine. PTA approved and free buds two included in the package... | Hamza Shah (5/5): It's an amazing phone ane the nothing buds 3A are great too. I am really happy that I ordered this phone here...,141599,160999,12,5000,12,256,6.77,50
Sego Magic Power,https://priceoye.pk/mobiles/sego/sego-magic-power,"Rs 2,599","Rs 2,750",5% OFF,PTA Approved Mobiles,,2.0 Keypad Phone,"Standard Internal/RAM, Card Slot: Yes",Dual sim Standard,3000mAh,Yes Back,Light Green | Deep Purple | Light Blue | Green | Lilac | Cyan | Indigo,In Stock | Out of Stock / Sold Out | Out of Stock / Sold Out | Out of Stock / Sold Out | Out of Stock / Sold Out | Out of Stock / Sold Out | Out of Stock / Sold Out,https://images.priceoye.pk/sego-magic-power-pakistan-priceoye-1qov0-500x500.webp | https://images.priceoye.pk/sego-magic-power-pakistan-priceoye-vjnbq-500x500.webp | https://images.priceoye.pk/sego-magic-power-pakistan-priceoye-b2pkm-500x500.webp | https://images.priceoye.pk/sego-magic-power-pakistan-priceoye-4adfa-500x500.webp | https://images.priceoye.pk/sego-magic-power-pakistan-priceoye-2ks37-500x500.webp | https://images.priceoye.pk/sego-magic-power-pakistan-priceoye-s8jf5-500x500.webp | https://images.priceoye.pk/sego-magic-power-pakistan-priceoye-st5mf-500x500.webp,"Handset, Battery, Standard Charger",,,"Usman (5/5): Acha mobile hai aur quick delivery hui hai | Rahat Ullah (5/5): Fast delivery Services and original Product , Thanks priceoye team . | Minhaj Aleem (5/5): good",2599,2750,5,3000,0,0,0,0
Villaon V50s,https://priceoye.pk/mobiles/villaon/villaon-v50s,"Rs 18,599","Rs 19,999",7% OFF,PTA Approved Mobiles,,6.52 Inches,"64GB Internal, 4GB RAM + 4GB Expandable, microSDXC slot",Octa-core 1.8 GHz Android 14,4000 mAh,"8 MP Back, Yes Front (Dual LED Flash)",Black | Bright Silver,In Stock | Out of Stock / Sold Out,https://images.priceoye.pk/villaon-v50s-pakistan-priceoye-cbnz0-500x500.webp | https://images.priceoye.pk/villaon-v50s-pakistan-priceoye-wjvjj-500x500.webp,"Handset (Villaon V50s), Adapter, Back Cover, Type C Cable",,Q: Assalamualaikum agr mobile mai koi problem ho gai to phirr Kesy change hoga? A: There are no other questions yet. Ask the seller now.,Muhammad Kazim (5/5): original 100% certified,18599,19999,7,4000,4,64,6.52,8
Samsung Galaxy Z Flip 6,https://priceoye.pk/mobiles/samsung/z-flip-6,"Rs 304,999","Rs 384,999",21% OFF,PTA Approved,,"6.7 inches, 1080 x 2640 pixels, Super AMOLED (120Hz), Gorilla Glass Victus 2","512GB Internal, 12GB RAM, Card Slot: No","Qualcomm Snapdragon 8 Gen 3 (4 nm), GPU: Adreno 750","4000 mAh, IP48 Water and Dust Resistant","50 MP + 12 MP Back, 10 MP Front",Blue | Yellow | Mint | Silver | Black | Crafted Black,In Stock | In Stock | In Stock | Out of Stock | Out of Stock | Out of Stock (Available via Request),https://images.priceoye.pk/z-flip-6-pakistan-priceoye-f4kb8-500x500.webp | https://images.priceoye.pk/z-flip-6-pakistan-priceoye-9bqlw-500x500.webp | https://images.priceoye.pk/z-flip-6-pakistan-priceoye-vc60v-500x500.webp | https://images.priceoye.pk/z-flip-6-pakistan-priceoye-4tj90-500x500.webp | https://images.priceoye.pk/z-flip-6-pakistan-priceoye-7zv0s-500x500.webp | N/A,"Samsung Galaxy Z Flip 6, Type C Cable, Ejection Pin",,"Q: I have link with HBL bank have any space? A: For details about our installment plan please visit here: https://priceoye.pk/bnpl | Q: Bank Islamic installment plan? A: Installment service is only for MCB, Alfalah, Faysal, Silk, JS, Askari and UBL Credit Cards users. Others will be added in the future. | Q: Hi I want galaxy flip 6 in crafted black when this product is going to be available? A: While out of stock, click 'Request Now'. You will receive a notification when available. | Q: Cancel my order? A: We cannot cancel while in transit. Please call 051-111-693-693 for help.",Waleed Raza (5/5): I got my parcel in 2 days... product was Original... packaging was too good... now i ordered more things... Highly Recommend | Asfand bhutta (5/5): Alhamdulillah Received Im totally satisfied with product 100percent orignal and non Active!! Price is Also good!! | Arslan lodhi (5/5): A perfect phone with perfect priceoye service. Recommended | Muhammad ehtesham (5/5): Overall everything was perfect but delivery period was too long,304999,384999,21,4000,12,512,6.7,50
Samsung Galaxy S25 Ultra,https://priceoye.pk/mobiles/samsung/samsung-galaxy-s25-ultra-12gb-256gb,"Rs 332,999","Rs 414,999",20% OFF,PTA Approved Mobiles,,"6.9 Inches, 3120 x 1440, Quad HD+ Dynamic AMOLED 2X","256GB Internal, 12GB RAM","Qualcomm Snapdragon 8 Elite (3nm), GPU: Adreno 830",5000mAh,"200 MP + 50 MP + 50 MP + 10 MP Back, 12 MP Front",Titanium Grey | Titanium Jet Black | Titanium Silver Blue | Titanium Black | Titanium Whitesilver | Titanium Jadegreen | Titanium Pinkgold,In Stock | In Stock | Out of Stock | Out of Stock | Out of Stock | Out of Stock | Out of Stock,https://images.priceoye.pk/samsung-galaxy-s25-ultra-12gb-256gb-pakistan-priceoye-h0km1-500x500.webp | https://images.priceoye.pk/samsung-galaxy-s25-ultra-12gb-256gb-pakistan-priceoye-xs6qa-500x500.webp | https://images.priceoye.pk/samsung-galaxy-s25-ultra-12gb-256gb-pakistan-priceoye-n4y7m-500x500.webp | https://images.priceoye.pk/samsung-galaxy-s25-ultra-12gb-256gb-pakistan-priceoye-xku3z-500x500.webp | https://images.priceoye.pk/samsung-galaxy-s25-ultra-12gb-256gb-pakistan-priceoye-ko96y-500x500.webp | https://images.priceoye.pk/samsung-galaxy-s25-ultra-12gb-256gb-pakistan-priceoye-pnk56-500x500.webp | https://images.priceoye.pk/samsung-galaxy-s25-ultra-12gb-256gb-pakistan-priceoye-vrab1-500x500.webp,"Handset (Samsung Galaxy S25 Ultra), No Adapter (Travel adapter not included), Ejection Pin, Type C Cable",,"Q: How can i apply on installment? A: Dear Customer, Installment plans for all our products are clearly explained on our website. Please check: https://priceoye.pk/bnpl | Q: does this phone come with the Samsung warranty? A: Dear Customer, All phones on Priceoye.pk come with a 1-year brand warranty unless mentioned. | Q: Does the touchscreen pen comes with the S25 ultra in it s box? A: Dear customer, You can check the “What’s in the Box” section on the product page to see all included accessories.","Faizan Ahmed (5/5): 1st time buyer with Priceoye but Fully satisfied with the purchase. Box packed received on time. | Babar Raja (5/5): I recently ordered a Samsung S25 Ultra... The phone was 100% original sealed... highly recommend buying from PriceOye. | Kashif Jamil (5/5): Price was excellent, brand new box packed | Humaira Muzafar (5/5): I am very satisfied and happy to receive my galaxy s25 ultra. Original product with discounted price. | UmairAbid (5/5): Original product Best price Highly Trusted",332999,414999,20,5000,12,256,6.9,200
Samsung Galaxy A56 5G,https://priceoye.pk/mobiles/samsung/samsung-galaxy-a56-5g,"Rs 113,500","Rs 137,999",18% OFF,PTA Approved Mobiles,,"6.7 Inches, 1080 x 2340 pixels, Super AMOLED with 120 Hz Refresh Rate","256GB Internal, 8GB / 12GB Ram","Exynos 1580, Android OS",5000mAh,"50MP + 12MP + 5MP Back, 12 MP Front",Awesome Pink | Awesome Olive | Awesome Graphite | Awesome Lightgray,In Stock | In Stock | Out of Stock | Out of Stock,https://images.priceoye.pk/samsung-galaxy-a56-pakistan-priceoye-xdz17-500x500.webp | https://images.priceoye.pk/samsung-galaxy-a56-pakistan-priceoye-64cvl-500x500.webp | https://images.priceoye.pk/samsung-galaxy-a56-pakistan-priceoye-35bpw-500x500.webp | https://images.priceoye.pk/samsung-galaxy-a56-pakistan-priceoye-nigrr-500x500.webp,"Samsung Galaxy A56 5G (Handset), Ewarranty, No Adapter (Travel adapter not included), Ejection Pin, Type C Cable",,"Q: does this variant have NFC and Contactless payment? A: Dear customer, You can check the detailed specifications on our website. | Q: A56 pink me kb available hoga? A: Dear Customer, Click the Request Mobile option... we will do our best to restock within 7 to 15 days. | Q: I requested for A56 how long it take I need it urgent? A: Dear Customer, Unfortunately, we’re unable to provide an estimated restock time.","Danish Umad (5/5): 100% original, unlocked & brand new official PTA approved sealed phone... Lowest priced throughout the on-line and off-line markets. | Hamed Ayub (5/5): This was my 4th experience... got my Samsung A56 in Quetta within 6 days... Orignal and sealed packed product. | Sumair Khan (5/5): 101% original... verified myself through Samsung Pakistan Support... But the packaging needs to be improved. | Muhammad Fiaz (5/5): That's my 5th mobile purchazing from PRICEOYE. Everything is very Excellent. | Hassan Dawood (5/5): Asalam O Alaikum Its my 10th order... Strongly Recommended to purchase mobile phones from this platform without any hesitation.",113500,137999,18,5000,12,256,6.7,50
Samsung Galaxy A36 5G,https://priceoye.pk/mobiles/samsung/samsung-galaxy-a36-5g,"Rs 104,999","Rs 119,999",13% OFF,PTA Approved Mobiles,,"6.7 Inches, 1080 x 2340, Super AMOLED, 120Hz, 1200 nits","256 GB Internal, 8 GB RAM, Card Slot: No","Octa Core Processor, Android OS",5000 mAh (45W Fast Charging support),"50.0 MP + 8.0 MP + 5.0 MP Back, 12.0 MP Front",Awesome Lime | Awesome Black | Awesome Lavender | Awesome White,In Stock | In Stock | Out of Stock | Out of Stock,https://images.priceoye.pk/samsung-galaxy-a36-5g-pakistan-priceoye-1lpqe-500x500.webp | https://images.priceoye.pk/samsung-galaxy-a36-5g-pakistan-priceoye-pw8pt-500x500.webp | https://images.priceoye.pk/samsung-galaxy-a36-5g-pakistan-priceoye-nbnh8-500x500.webp | https://images.priceoye.pk/samsung-galaxy-a36-5g-pakistan-priceoye-gxt26-500x500.webp,"Samsung Galaxy A36 5G (Handset), Ewarranty, No Adapter (Travel adapter not included), Ejection Pin, Type C Cable",,"Q: Delivery Day? A: Dear Customer, in Lahore, Karachi, and Islamabad, parcels are typically delivered within 24–48 hours, while in other cities, delivery usually takes 3 – 5 working days. | Q: Is it esim supported? A: Dear customer, You can check the details of the Product in the specifications section... or refer to official product website. | Q: Lavender color estimated restock date? A: Dear Customer, Unfortunately, we’re unable to provide an estimated restock time... keep checking our website.",Muhammad Ismail (5/5): Delivery was late which could be improved... Satisfied with the product Quality... Great services 👌 keep it up. | Qudrat BaZai (5/5): Nice priceoye mai bawoot khosh hon a mera 7 mobile a. | Muhammed waqas (5/5): 8th purchase from price oye trusted original product... But pls improve your delivery service. | Aitezaz Hassan (5/5): Delivery Tori slow mili lekin product or price bohat achi mili... device 10/10. | Nasir Hussain (5/5): Great and prompt service. Orignal Product and lower price from market.,104999,119999,13,5000,8,256,6.7,0
Samsung Galaxy A37 5G,https://priceoye.pk/mobiles/samsung/samsung-galaxy-a37-5g,"Rs 133,999","Rs 149,999",11% OFF,PTA Approved Mobiles,,"170.1mm (6.7), 1080 x 2340 (FHD+), Super AMOLED","256GB Internal, 8GB RAM, Card Slot: N/A","Octa-Core, Android OS",5000mAh,"50.0 MP + 8.0 MP + 5.0 MP Back, 12.0 MP Front",Awesome Lavender | Awesome White | Awesome Graygreen | Awesome Charcol,In Stock | In Stock | In Stock | In Stock,https://images.priceoye.pk/samsung-galaxy-a37-5g-pakistan-priceoye-iva94-500x500.webp | https://images.priceoye.pk/samsung-galaxy-a37-5g-pakistan-priceoye-kgioo-500x500.webp | https://images.priceoye.pk/samsung-galaxy-a37-5g-pakistan-priceoye-om3ba-500x500.webp | https://images.priceoye.pk/samsung-galaxy-a37-5g-pakistan-priceoye-7h6x3-500x500.webp,"Samsung Galaxy A37 5G (Handset), Ewarranty, No Adapter (Samsung Galaxy A37 5G does not include travel adapter), Ejection Pin, Type C Cable",,,,133999,149999,11,5000,8,256,0,0
Apple iPhone 17 Air,https://priceoye.pk/mobiles/apple/apple-iphone-17-air,"Rs 384,999","Rs 428,500",10% OFF,PTA Approved Mobiles,,"6.5 inches, 1260 x 2736 pixels, LTPO Super Retina XDR OLED 120Hz, Ceramic Shield 2","256GB / 512GB / 1TB Internal, 8GB RAM, Card Slot: No","Apple A19 Pro, GPU: Apple GPU (5-core graphics), OS: IOS 26",3149 mAh,"48 MP Back, 18 MP Front",Space Black | Cloud White | Sky Blue | Light Gold,In Stock | In Stock | In Stock | In Stock,https://images.priceoye.pk/apple-iphone-17-air-pakistan-priceoye-space-black.webp | https://images.priceoye.pk/apple-iphone-17-air-pakistan-priceoye-cloud-white.webp | https://images.priceoye.pk/apple-iphone-17-air-pakistan-priceoye-sky-blue.webp | https://images.priceoye.pk/apple-iphone-17-air-pakistan-priceoye-light-gold.webp,"Apple iPhone 17 Air (Handset), No Adapter (Travel adapter not included), Type C Cable",,"Q: Are your iPhone pta approved and box pack? A: Dear Customer, We only offer brand new, sealed (pin pack) and PTA-approved products, all of which are listed on our website priceoye.pk.",,384999,428500,10,3149,8,256,6.5,48
Apple iPhone 17,https://priceoye.pk/mobiles/apple/apple-iphone-17,"Rs 354,999","Rs 399,000",11% OFF,PTA Approved Mobiles,,"6.3 inches, 1206 x 2622 pixels, LTPO Super Retina XDR OLED, 120Hz, Ceramic Shield 2","256GB / 512GB Internal, 8GB RAM, Card Slot: No","Apple A19, GPU: Apple GPU (5-core graphics), OS: IOS 26",3692 mAh,"48 + 48 MP Back, 18 MP Front",Black | White | Sage | Mist Blue | Lavender,In Stock - Only 5 left | In Stock | In Stock | In Stock | Out of Stock,https://images.priceoye.pk/apple-iphone-17-pakistan-priceoye-black.webp | https://images.priceoye.pk/apple-iphone-17-pakistan-priceoye-white.webp | https://images.priceoye.pk/apple-iphone-17-pakistan-priceoye-sage.webp | https://images.priceoye.pk/apple-iphone-17-pakistan-priceoye-mist-blue.webp | https://images.priceoye.pk/apple-iphone-17-pakistan-priceoye-lavender.webp,"Apple iPhone 17 (Handset), No Adapter (Travel adapter not included), Type C Cable",,"Q: What is the model number of the phone Is it UK model? A: Dear Customer, The Apple iPhone 17 available on our website is the Vietnam variant. It is not the UK model. | Q: Is your store available in Islamabad? A: Dear customer, We do not have any physical stores... All our operations are conducted exclusively online through our website. | Q: When will lavender colour be available? A: Dear Customer, Unfortunately, we’re unable to provide an estimated restock time... You can keep checking our website. | Q: Is this product official PTA Approved? A: Dear Customer, We only offer brand new, sealed (pin pack) and PTA-approved products.","Syed Iqtidar (5/5): The product was original and also satisfied with the price | Sajjad Ali (5/5): Original iphone Official Pta approved Box packed Good pricing | Qurat ul (5/5): Its beautiful looking iphone ever | MUHAMMAD HAIDER (5/5): It was my first time buying something from priceoye and I am very satisfied with there price, product and customer service. Thanks | Hassan Taha (5/5): Original Product",354999,399000,11,3692,8,256,6.3,48
Apple iPhone 17e,https://priceoye.pk/mobiles/apple/apple-iphone-17e,"Rs 284,999","Rs 289,000",1% OFF,PTA Approved Mobiles,,"6.1 inches, 1170 x 2532 Pixels, Super Retina XDR OLED Touchscreen, Ceramic Shield glass","256GB / 512GB Internal, 8 GB RAM, Card Slot: N/A","Hexa-core, GPU: Apple GPU (4-core graphics), OS: iOS 26.3",4005 mAh,"48 MP Back, 12 MP Front",Black | White | Soft Pink,In Stock | In Stock | In Stock,N/A | N/A | N/A,"Apple Iphone 17e (Handset), No Adapter (Travel adapter not included), Type C Cable",,,,284999,289000,1,4005,8,256,6.1,48
QMobile QHero,https://priceoye.pk/mobiles/qmobile/qmobile-qhero,"Rs 3,249","Rs 3,299",2% OFF,PTA Approved Mobiles,,"2.4 Inches, LCD Display","Standard RAM/Internal, Memory Support Upto 32GB",proprietary OS,3000mAh,Digital Camera Back,Dark Blue | Black | Purple Black | Light Blue Black | Sea Green | Baby Blue | Purple,In Stock | Out of Stock | Out of Stock | Out of Stock | Out of Stock | Out of Stock | Out of Stock,https://images.priceoye.pk/qmobile-qhero-pakistan-priceoye-0vt62-500x500.webp | https://images.priceoye.pk/qmobile-qhero-pakistan-priceoye-em056-500x500.webp | https://images.priceoye.pk/qmobile-qhero-pakistan-priceoye-pb-500x500.webp | https://images.priceoye.pk/qmobile-qhero-pakistan-priceoye-lbb-500x500.webp | https://images.priceoye.pk/qmobile-qhero-pakistan-priceoye-sg-500x500.webp | https://images.priceoye.pk/qmobile-qhero-pakistan-priceoye-bb-500x500.webp | https://images.priceoye.pk/qmobile-qhero-pakistan-priceoye-p-500x500.webp,"QMobile QHero (Handset), Battery, Charger, Warranty Card",,,Khurram shehzad (5/5): My 1st experience with pricoye. Bohat he acha mobile ha great price great service quality py koi shak nai ankhen band ker k AP mobile buy kero trust ha bhai | Basit Ali (5/5): Good one,3249,3299,2,3000,0,32,2.4,0
QMobile Q5606,https://priceoye.pk/mobiles/qmobile/qmobile-q5606,"Rs 2,499","Rs 2,999",17% OFF,PTA Approved Mobiles,,1.8 LCD Display,Standard RAM/Internal,Standard OS,2000 mAh,Yes Back,Deep Blue | Black | White,In Stock | Out of Stock | Out of Stock,https://images.priceoye.pk/qmobile-q5606-pakistan-priceoye-ftude-500x500.webp | https://images.priceoye.pk/qmobile-q5606-pakistan-priceoye-ofpod-500x500.webp | https://images.priceoye.pk/qmobile-q5606-pakistan-priceoye-j8agp-500x500.webp,"QMobile Q5606 (Handset), Battery, Charger, Warranty Card",,,Abdul Hafeez (5/5): Alhumdulillah 😊😊😊 original product And I am satisfied with it.. thanku,2499,2999,17,2000,0,0,0,0
Nokia 130 (2023),https://priceoye.pk/mobiles/nokia/nokia-130-2023,"Rs 6,199",,,PTA Approved Mobiles,,"2.4 Inches, 240 x 320 pixels, TFT LCD","Standard RAM/Internal, microSDHC slot",Proprietary OS,1450 mAh,"No Back, Front Camera: No",Light Gold | Dark Blue,In Stock - Only 1 left | In Stock,https://images.priceoye.pk/nokia-130-2023-pakistan-priceoye-knfi2-500x500.webp | https://images.priceoye.pk/nokia-130-2023-pakistan-priceoye-sefkd-500x500.webp,"Nokia 130 (2023) Handset, Battery, Charger, User Guide",,Q: When available please inform me? A: Your desired product will be available soon in near future please keep visiting our website for more updates : https://priceoye.pk | Q: Kb aye ga? A: Your desired product will be available soon in near future please keep visiting our website. | Q: What s difference between nokia 130 2023 or nokia 130 2024? A: you can compare difference between both products by visiting our website... click on ''compare'' and add other model.,Ghulam Abbas (5/5): Munasib price mein acha mobile | Hameed Ullah (5/5): I'm satisfied 💯 | WAQAS AHMAD (5/5): Good Price | Muhammad Asif (5/5): Original product received in time.,6199,0,0,1450,0,0,2.4,0
Infinix Smart 10,https://priceoye.pk/mobiles/infinix/infinix-smart-10,"Rs 33,999",,,PTA Approved Mobiles,,"6.67 inches, 720 x 1600 pixels, IPS LCD","64GB Internal, 4GB + 4GB Extendable RAM, microSDXC slot","Unisoc T7250, GPU: Mali-G57 MP1, OS: Android 15 (Go edition)",5000 mAh,"8MP Back, 8MP Front",Titanium Silver | Sleek Black | Twilight Gold | Iris Blue,In Stock | Out of Stock | Out of Stock | Out of Stock,https://images.priceoye.pk/infinix-smart-10-pakistan-priceoye-gfp7l-500x500.webp | https://images.priceoye.pk/infinix-smart-10-pakistan-priceoye-gvqkz-500x500.webp | https://images.priceoye.pk/infinix-smart-10-pakistan-priceoye-bndi5-500x500.webp | https://images.priceoye.pk/infinix-smart-10-pakistan-priceoye-0gz4s-500x500.webp,"Infinix Smart 10 (Handset), Adapter, Ewarranty, Back Cover, Ejection Pin, Type C Cable",,"Q: Installment py ly skty hain jazz cash hy bank account nai hy A: Dear Customer, Installment plans for all our products are clearly explained on our website. Please note that debit cards and other payment methods are not eligible for installments. | Q: How many days will take to deliver a mobile A: Dear Customer, in Lahore, Karachi, and Islamabad, parcels are typically delivered within 24–48 hours, while in other cities, delivery usually takes 3 – 5 working days. | Q: My order is done or note plz confirmed A: Dear customer, Please contact our helpline at 051-111-693-693 or email us at hello@priceoye.pk.",Muhammad Saad (5/5): Good | ramzan jani (5/5): Thanks priceoye Ap ny bohat acha rate dia or 💯 original product dee | Roman (5/5): Good quality good price thanks price o | Muhammad Haseeb (5/5): Very good mobile and very good packaging by PriceOye highly recommend | Yahya shabbir (5/5): I got this Box pack Mobile,33999,0,0,5000,0,64,6.67,8
Xiaomi Redmi Note 15 Pro,https://priceoye.pk/mobiles/xiaomi/xiaomi-redmi-note-15-pro,"Rs 89,499","Rs 94,999",6% OFF,PTA Approved,,"6.67 inch, 2392x1080",256GB-8GB / 512GB-12GB,MediaTek Helio G200-Ultra,6500mAh,"200MP+8MP+2MP Back, 32MP Front",Standard,In Stock,N/A,"Handset, Adapter, Ewarranty, Back Cover, Ejection Pin, Type C Cable",,Q: 5G? A: Visit website | Q: Box? A: Check What's in box | Q: Installments? A: Visit /bnpl,Akhlaq khan (5/5): Timely delivered | Shabana (5/5): AMOLED bright | Khuram Shehzad (5/5): 100% legit | Mian Ali (5/5): Great | Muhammad Asif (5/5): Best price,89499,94999,6,6500,0,256,6.67,200
